product_name,product_link_name,link,major_category_name,major_category_link
"ATV, MOTORCYCLES, SNOWMOBILE PARTS & ACCESSORIES",TRAILERS & TOWING ACCESSORIES,https://www.canadiantire.ca/en/automotive/trailers-towing-accessories.html?,"ATV, MOTORCYCLES, SNOWMOBILE PARTS & ACCESSORIES",https://www.canadiantire.ca/en/automotive/atvs-motorcycles-snowmobiles-parts-accessories.html
"ATV, MOTORCYCLES, SNOWMOBILE PARTS & ACCESSORIES",ATV & UTV PARTS & ACCESSORIES,https://www.canadiantire.ca/en/automotive/atvs-motorcycles-snowmobiles-parts-accessories/atv-utv-parts-accessories.html?,"ATV, MOTORCYCLES, SNOWMOBILE PARTS & ACCESSORIES",https://www.canadiantire.ca/en/automotive/atvs-motorcycles-snowmobiles-parts-accessories.html
"ATV, MOTORCYCLES, SNOWMOBILE PARTS & ACCESSORIES",SNOWMOBILE PARTS & ACCESSORIES,https://www.canadiantire.ca/en/automotive/atvs-motorcycles-snowmobiles-parts-accessories/snowmobile-parts-accessories.html?,"ATV, MOTORCYCLES, SNOWMOBILE PARTS & ACCESSORIES",https://www.canadiantire.ca/en/automotive/atvs-motorcycles-snowmobiles-parts-accessories.html
"ATV, MOTORCYCLES, SNOWMOBILE PARTS & ACCESSORIES",MOTORCYCLE PARTS & ACCESSORIES,https://www.canadiantire.ca/en/automotive/atvs-motorcycles-snowmobiles-parts-accessories/motorcycle-parts-accessories.html?,"ATV, MOTORCYCLES, SNOWMOBILE PARTS & ACCESSORIES",https://www.canadiantire.ca/en/automotive/atvs-motorcycles-snowmobiles-parts-accessories.html
"ATV, MOTORCYCLES, SNOWMOBILE PARTS & ACCESSORIES",ELECTRIC WINCHES & ACCESSORIES,https://www.canadiantire.ca/en/automotive/exterior-car-accessories/electric-winches-accessories.html?,"ATV, MOTORCYCLES, SNOWMOBILE PARTS & ACCESSORIES",https://www.canadiantire.ca/en/automotive/atvs-motorcycles-snowmobiles-parts-accessories.html
"ATV, MOTORCYCLES, SNOWMOBILE PARTS & ACCESSORIES",LOADING RAMPS,https://www.canadiantire.ca/en/automotive/exterior-car-accessories/travel-cargo-management/loading-ramps.html?,"ATV, MOTORCYCLES, SNOWMOBILE PARTS & ACCESSORIES",https://www.canadiantire.ca/en/automotive/atvs-motorcycles-snowmobiles-parts-accessories.html
"ATV, MOTORCYCLES, SNOWMOBILE PARTS & ACCESSORIES",POWERSPORTS GREASE,https://www.canadiantire.ca/en/automotive/oils-fluids-additives-chemicals/grease-gear-oils-lubricants/powersports-grease.html?,"ATV, MOTORCYCLES, SNOWMOBILE PARTS & ACCESSORIES",https://www.canadiantire.ca/en/automotive/atvs-motorcycles-snowmobiles-parts-accessories.html
AUTO ELECTRONICS & CELLPHONE ACCESSORIES,CELL PHONE & BLUETOOTH ACCESSORIES,https://www.canadiantire.ca/en/household-pets/home-electronics/cell-phone-bluetooth-accessories.html?,AUTO ELECTRONICS & CELLPHONE ACCESSORIES,https://www.canadiantire.ca/en/automotive/car-electronics.html
AUTO ELECTRONICS & CELLPHONE ACCESSORIES,CAR AUDIO,https://www.canadiantire.ca/en/automotive/car-electronics/car-audio.html?,AUTO ELECTRONICS & CELLPHONE ACCESSORIES,https://www.canadiantire.ca/en/automotive/car-electronics.html
AUTO ELECTRONICS & CELLPHONE ACCESSORIES,12V CAR CHARGERS & PLUG-IN ACCESSORIES,https://www.canadiantire.ca/en/automotive/car-electronics/12v-car-chargers-plug-in-accessories.html?,AUTO ELECTRONICS & CELLPHONE ACCESSORIES,https://www.canadiantire.ca/en/automotive/car-electronics.html
AUTO ELECTRONICS & CELLPHONE ACCESSORIES,"TABLETS, PORTABLE DVD PLAYERS & SPEAKERS",https://www.canadiantire.ca/en/household-pets/home-electronics/portable-players-accessories.html?,AUTO ELECTRONICS & CELLPHONE ACCESSORIES,https://www.canadiantire.ca/en/automotive/car-electronics.html
AUTO ELECTRONICS & CELLPHONE ACCESSORIES,"CAR GPS, MOUNTS & ACCESSORIES",https://www.canadiantire.ca/en/automotive/car-electronics/portable-car-gps-mounts.html?,AUTO ELECTRONICS & CELLPHONE ACCESSORIES,https://www.canadiantire.ca/en/automotive/car-electronics.html
AUTO ELECTRONICS & CELLPHONE ACCESSORIES,BACKUP CAMERAS,https://www.canadiantire.ca/en/automotive/car-electronics/back-up-safety-cameras.html?,AUTO ELECTRONICS & CELLPHONE ACCESSORIES,https://www.canadiantire.ca/en/automotive/car-electronics.html
AUTO ELECTRONICS & CELLPHONE ACCESSORIES,DASH CAMS,https://www.canadiantire.ca/en/automotive/car-electronics/dashboard-cameras.html?,AUTO ELECTRONICS & CELLPHONE ACCESSORIES,https://www.canadiantire.ca/en/automotive/car-electronics.html
AUTO ELECTRONICS & CELLPHONE ACCESSORIES,REMOTE CAR STARTERS & ACCESSORIES,https://www.canadiantire.ca/en/automotive/car-electronics/remote-car-starters-accessories.html?,AUTO ELECTRONICS & CELLPHONE ACCESSORIES,https://www.canadiantire.ca/en/automotive/car-electronics.html
AUTO ELECTRONICS & CELLPHONE ACCESSORIES,CELL PHONE SIGNAL BOOSTERS,https://www.canadiantire.ca/en/household-pets/home-electronics/signal-boosters.html?,AUTO ELECTRONICS & CELLPHONE ACCESSORIES,https://www.canadiantire.ca/en/automotive/car-electronics.html
AUTO ELECTRONICS & CELLPHONE ACCESSORIES,KEY FOBS,https://www.canadiantire.ca/en/automotive/car-electronics/key-fobs.html?,AUTO ELECTRONICS & CELLPHONE ACCESSORIES,https://www.canadiantire.ca/en/automotive/car-electronics.html
CARPORTS & PORTABLE SHELTERS,CARPORTS & SHELTERS,https://www.canadiantire.ca/en/automotive/portable-car-shelters-accessories/portable-car-shelters.html?,CARPORTS & PORTABLE SHELTERS,https://www.canadiantire.ca/en/automotive/portable-car-shelters-accessories.html
CARPORTS & PORTABLE SHELTERS,PORTABLE STORAGE SHEDS,https://www.canadiantire.ca/en/automotive/portable-car-shelters-accessories/portable-storage-sheds.html?,CARPORTS & PORTABLE SHELTERS,https://www.canadiantire.ca/en/automotive/portable-car-shelters-accessories.html
CARPORTS & PORTABLE SHELTERS,CARPORT REPLACEMENT COVERS & ACCESSORIES,https://www.canadiantire.ca/en/automotive/portable-car-shelters-accessories/portable-car-shelter-accessories.html?,CARPORTS & PORTABLE SHELTERS,https://www.canadiantire.ca/en/automotive/portable-car-shelters-accessories.html
CARPORTS & PORTABLE SHELTERS,CAR COVERS,https://www.canadiantire.ca/en/automotive/exterior-car-accessories/exterior-car-protectors-covers/car-covers.html?,CARPORTS & PORTABLE SHELTERS,https://www.canadiantire.ca/en/automotive/portable-car-shelters-accessories.html
CAR SAFETY & SECURITY,CAR SEATS & ACCESSORIES,https://www.canadiantire.ca/en/household-pets/baby/car-seats-accessories.html?,CAR SAFETY & SECURITY,https://www.canadiantire.ca/en/automotive/car-safety-security.html
CAR SAFETY & SECURITY,FLOOR & CAR JACKS,https://www.canadiantire.ca/en/automotive/garage-tools-equipment-storage/jacks/floor-car-jacks.html?,CAR SAFETY & SECURITY,https://www.canadiantire.ca/en/automotive/car-safety-security.html
CAR SAFETY & SECURITY,"TIRE PRESSURE GAUGES, INFLATORS & COMPRESSORS",https://www.canadiantire.ca/en/automotive/tires-wheels/tire-wheel-accessories/tire-pressure-gauges-inflators-compressors.html?,CAR SAFETY & SECURITY,https://www.canadiantire.ca/en/automotive/car-safety-security.html
CAR SAFETY & SECURITY,PET CAR SAFETY,https://www.canadiantire.ca/en/automotive/car-safety-security/pet-car-safety.html?,CAR SAFETY & SECURITY,https://www.canadiantire.ca/en/automotive/car-safety-security.html
CAR SAFETY & SECURITY,WINDSHIELD WASHER FLUIDS,https://www.canadiantire.ca/en/automotive/oils-fluids-additives-chemicals/windshield-washer-fluids-additives.html?,CAR SAFETY & SECURITY,https://www.canadiantire.ca/en/automotive/car-safety-security.html
CAR SAFETY & SECURITY,SAFETY KITS & ACCESSORIES,https://www.canadiantire.ca/en/automotive/car-safety-security/safety-kits-accessories.html?,CAR SAFETY & SECURITY,https://www.canadiantire.ca/en/automotive/car-safety-security.html
CAR SAFETY & SECURITY,BLIND SPOT MIRRORS,https://www.canadiantire.ca/en/automotive/car-safety-security/blind-spot-mirrors.html?,CAR SAFETY & SECURITY,https://www.canadiantire.ca/en/automotive/car-safety-security.html
CAR SAFETY & SECURITY,BOOSTER CABLES,https://www.canadiantire.ca/en/automotive/batteries-maintenance-accessories/booster-cables.html?,CAR SAFETY & SECURITY,https://www.canadiantire.ca/en/automotive/car-safety-security.html
CAR SAFETY & SECURITY,CAR SECURITY LOCKS,https://www.canadiantire.ca/en/automotive/car-safety-security/car-security-locks.html?,CAR SAFETY & SECURITY,https://www.canadiantire.ca/en/automotive/car-safety-security.html
CAR SAFETY & SECURITY,BLOCK HEATER EXTENSION CORDS,https://www.canadiantire.ca/en/automotive/car-safety-security/block-heater-extension-cords.html?,CAR SAFETY & SECURITY,https://www.canadiantire.ca/en/automotive/car-safety-security.html
CAR SAFETY & SECURITY,HORNS,https://www.canadiantire.ca/en/automotive/car-safety-security/horns.html?,CAR SAFETY & SECURITY,https://www.canadiantire.ca/en/automotive/car-safety-security.html
CAR SAFETY & SECURITY,DRIVEWAY MARKERS,https://www.canadiantire.ca/en/automotive/car-safety-security/driveway-markers.html?,CAR SAFETY & SECURITY,https://www.canadiantire.ca/en/automotive/car-safety-security.html
CAR SAFETY & SECURITY,SNOW BRUSHES & SCRAPERS,https://www.canadiantire.ca/en/outdoor-living/snow-removal/snow-brushes-scrapers.html?,CAR SAFETY & SECURITY,https://www.canadiantire.ca/en/automotive/car-safety-security.html
CAR SAFETY & SECURITY,TRACTION AIDS,https://www.canadiantire.ca/en/automotive/tires-wheels/tire-wheel-accessories/traction-aids.html?,CAR SAFETY & SECURITY,https://www.canadiantire.ca/en/automotive/car-safety-security.html
CAR SAFETY & SECURITY,TIRE CHAINS,https://www.canadiantire.ca/en/automotive/tires-wheels/tire-wheel-accessories/tire-chains.html?,CAR SAFETY & SECURITY,https://www.canadiantire.ca/en/automotive/car-safety-security.html
CAR SAFETY & SECURITY,CAR WARMERS,https://www.canadiantire.ca/en/automotive/car-safety-security/car-warmers.html?,CAR SAFETY & SECURITY,https://www.canadiantire.ca/en/automotive/car-safety-security.html
INTERIOR_ACC,SEAT COVERS,https://www.canadiantire.ca/en/automotive/interior-car-accessories/seat-covers.html?,INTERIOR ACCESSORIES,https://www.canadiantire.ca/en/automotive/interior-car-accessories.html
INTERIOR_ACC,CAR SAFETY AND SECURITY,https://www.canadiantire.ca/en/automotive/car-safety-security.html?,INTERIOR ACCESSORIES,https://www.canadiantire.ca/en/automotive/interior-car-accessories.html
INTERIOR_ACC,FLOOR MATS AND LINERS,https://www.canadiantire.ca/en/automotive/interior-car-accessories/car-mats.html?,INTERIOR ACCESSORIES,https://www.canadiantire.ca/en/automotive/interior-car-accessories.html
INTERIOR_ACC,INTERIOR CAR ORGANIZERS,https://www.canadiantire.ca/en/automotive/interior-car-accessories/interior-car-organizers.html?,INTERIOR ACCESSORIES,https://www.canadiantire.ca/en/automotive/interior-car-accessories.html
INTERIOR_ACC,SMALL ACCESSORIES,https://www.canadiantire.ca/en/automotive/interior-car-accessories/small-accessories.html?,INTERIOR ACCESSORIES,https://www.canadiantire.ca/en/automotive/interior-car-accessories.html
INTERIOR_ACC,AIR FRESHENERS,https://www.canadiantire.ca/en/automotive/interior-car-accessories/air-fresheners.html?,INTERIOR ACCESSORIES,https://www.canadiantire.ca/en/automotive/interior-car-accessories.html
INTERIOR_ACC,SEAT CUSHIONS,https://www.canadiantire.ca/en/automotive/interior-car-accessories/seat-cushions.html?,INTERIOR ACCESSORIES,https://www.canadiantire.ca/en/automotive/interior-car-accessories.html
INTERIOR_ACC,CAR WINDOW SHADES AND VISORS,https://www.canadiantire.ca/en/automotive/interior-car-accessories/car-window-shades-visors.html?,INTERIOR ACCESSORIES,https://www.canadiantire.ca/en/automotive/interior-car-accessories.html
INTERIOR_ACC,CAR WINDOW TINT,https://www.canadiantire.ca/en/automotive/interior-car-accessories/car-window-tint.html?,INTERIOR ACCESSORIES,https://www.canadiantire.ca/en/automotive/interior-car-accessories.html
INTERIOR_ACC,STEERING WHEEL COVERS,https://www.canadiantire.ca/en/automotive/interior-car-accessories/steering-wheel-covers.html?,INTERIOR ACCESSORIES,https://www.canadiantire.ca/en/automotive/interior-car-accessories.html
INTERIOR_ACC,KEY CHAINS,https://www.canadiantire.ca/en/automotive/interior-car-accessories/keychains.html?,INTERIOR ACCESSORIES,https://www.canadiantire.ca/en/automotive/interior-car-accessories.html
INTERIOR_ACC,INTERIOR CAR MIRRORS,https://www.canadiantire.ca/en/automotive/interior-car-accessories/interior-car-mirrors.html?,INTERIOR ACCESSORIES,https://www.canadiantire.ca/en/automotive/interior-car-accessories.html
LOAN-A-TOOL,GENERAL SERVICE PULLERS,https://www.canadiantire.ca/en/automotive/loan-a-tool/general-service-pullers.html?,LOAN-A-TOOL,https://www.canadiantire.ca/en/automotive/loan-a-tool.html
LOAN-A-TOOL,GENERAL SERVICE TOOLS,https://www.canadiantire.ca/en/automotive/loan-a-tool/general-service-tools.html?,LOAN-A-TOOL,https://www.canadiantire.ca/en/automotive/loan-a-tool.html
LOAN-A-TOOL,ENGINE & DRIVETRAIN TOOLS,https://www.canadiantire.ca/en/automotive/loan-a-tool/engine-drivetrain-tools.html?,LOAN-A-TOOL,https://www.canadiantire.ca/en/automotive/loan-a-tool.html
LOAN-A-TOOL,STEERING & SUSPENSION TOOLS,https://www.canadiantire.ca/en/automotive/loan-a-tool/steering-suspension-tools.html?,LOAN-A-TOOL,https://www.canadiantire.ca/en/automotive/loan-a-tool.html
LOAN-A-TOOL,A/C & BRAKE TOOLS,https://www.canadiantire.ca/en/automotive/loan-a-tool/ac-brake-tools.html?,LOAN-A-TOOL,https://www.canadiantire.ca/en/automotive/loan-a-tool.html
LOAN-A-TOOL,FUEL IGNITION TOOLS,https://www.canadiantire.ca/en/automotive/loan-a-tool/fuel-ignition-tools.html?,LOAN-A-TOOL,https://www.canadiantire.ca/en/automotive/loan-a-tool.html
PRESSURE_WASHERS,ELECTRIC GAS & GAS PRESSURE WASHERS,https://www.canadiantire.ca/en/automotive/pressure-washers-parts-accessories/electric-gas-pressure-washers.html?,"PRESSURE WASHERS, PARTS & ACCESSORIES",https://www.canadiantire.ca/en/automotive/pressure-washers-parts-accessories.html
PRESSURE_WASHERS,PRESSURE WASHER PARTS & ACCESSORIES,https://www.canadiantire.ca/en/automotive/pressure-washers-parts-accessories/pressure-washer-parts-accessories.html?,"PRESSURE WASHERS, PARTS & ACCESSORIES",https://www.canadiantire.ca/en/automotive/pressure-washers-parts-accessories.html
PRESSURE_WASHERS,PRESSURE WASHER DETERGENTS,https://www.canadiantire.ca/en/automotive/pressure-washers-parts-accessories/pressure-washer-detergents.html?,"PRESSURE WASHERS, PARTS & ACCESSORIES",https://www.canadiantire.ca/en/automotive/pressure-washers-parts-accessories.html
REPAIR MANUALS,REPAIR MANUALS,https://www.canadiantire.ca/en/automotive/repair-manuals.html?,REPAIR MANUALS,https://www.canadiantire.ca/en/automotive/repair-manuals.html
RV_PARTS,"BIKE RACKS, HITCHES & CARRIERS FOR CARS",https://www.canadiantire.ca/en/sports-rec/bikes-accessories/bike-racks-carriers.html?,RV PARTS & ACCESSORIES,https://www.canadiantire.ca/en/automotive/rv-parts-accessories.html
RV_PARTS,RV PLUMBING & SANITATION,https://www.canadiantire.ca/en/automotive/rv-parts-accessories/rv-plumbing-sanitation.html?,RV PARTS & ACCESSORIES,https://www.canadiantire.ca/en/automotive/rv-parts-accessories.html
RV_PARTS,RV INTERIOR,https://www.canadiantire.ca/en/automotive/rv-parts-accessories/rv-interior.html?,RV PARTS & ACCESSORIES,https://www.canadiantire.ca/en/automotive/rv-parts-accessories.html
RV_PARTS,RV FRESH WATER ACCESSORIES,https://www.canadiantire.ca/en/automotive/rv-parts-accessories/rv-fresh-water-accessories.html?,RV PARTS & ACCESSORIES,https://www.canadiantire.ca/en/automotive/rv-parts-accessories.html
RV_PARTS,RV REPLACEMENT PARTS & MAINTENANCE,https://www.canadiantire.ca/en/automotive/rv-parts-accessories/rv-replacement-parts-maintenance.html?,RV PARTS & ACCESSORIES,https://www.canadiantire.ca/en/automotive/rv-parts-accessories.html
RV_PARTS,RV EXTERIOR,https://www.canadiantire.ca/en/automotive/rv-parts-accessories/rv-exterior-accessories.html?,RV PARTS & ACCESSORIES,https://www.canadiantire.ca/en/automotive/rv-parts-accessories.html
RV_PARTS,RV LEVELS & STABILIZATION,https://www.canadiantire.ca/en/automotive/rv-parts-accessories/rv-levels-stabilization.html?,RV PARTS & ACCESSORIES,https://www.canadiantire.ca/en/automotive/rv-parts-accessories.html
RV_PARTS,RV COVERS,https://www.canadiantire.ca/en/automotive/rv-parts-accessories/rv-covers.html?,RV PARTS & ACCESSORIES,https://www.canadiantire.ca/en/automotive/rv-parts-accessories.html
TRUCKS_ACC,TRAILERS & TOWING ACCESSORIES,https://www.canadiantire.ca/en/automotive/trailers-towing-accessories.html?,TRUCKS ACCESSORIES,https://www.canadiantire.ca/en/automotive/truck-accessories.html
TRUCKS_ACC,LIGHT TRUCK & SUV TIRES,https://www.canadiantire.ca/en/automotive/tires-wheels/tires/light-truck-suv-tires.html?,TRUCKS ACCESSORIES,https://www.canadiantire.ca/en/automotive/truck-accessories.html
TRUCKS_ACC,CARGO MANAGEMENT,https://www.canadiantire.ca/en/automotive/truck-accessories/cargo-management.html?,TRUCKS ACCESSORIES,https://www.canadiantire.ca/en/automotive/truck-accessories.html
TRUCKS_ACC,FLOOR MATS AND LINERS,https://www.canadiantire.ca/en/automotive/interior-car-accessories/car-mats.html?,TRUCKS ACCESSORIES,https://www.canadiantire.ca/en/automotive/truck-accessories.html
TRUCKS_ACC,"EXTERIOR TRUCK PROTECTORS, COVERS & LINERS",https://www.canadiantire.ca/en/automotive/truck-accessories/exterior-truck-protectors-covers.html?,TRUCKS ACCESSORIES,https://www.canadiantire.ca/en/automotive/truck-accessories.html
TRUCKS_ACC,PERFORMANCE TRUCK PARTS,https://www.canadiantire.ca/en/automotive/truck-accessories/performance-truck-parts.html?,TRUCKS ACCESSORIES,https://www.canadiantire.ca/en/automotive/truck-accessories.html
TRUCKS_ACC,SUSPENSION,https://www.canadiantire.ca/en/automotive/truck-accessories/suspension.html?,TRUCKS ACCESSORIES,https://www.canadiantire.ca/en/automotive/truck-accessories.html
TRUCKS_ACC,TRUCK WHEELS,https://www.canadiantire.ca/en/automotive/tires-wheels/wheels/truck-wheels.html?,TRUCKS ACCESSORIES,https://www.canadiantire.ca/en/automotive/truck-accessories.html
TRUCKS_ACC,TONNEAU COVERS,https://www.canadiantire.ca/en/automotive/truck-accessories/tonneau-covers.html?,TRUCKS ACCESSORIES,https://www.canadiantire.ca/en/automotive/truck-accessories.html
TRUCKS_ACC,SPLASH & MUD FLAPS,https://www.canadiantire.ca/en/automotive/tires-wheels/tire-wheel-accessories/splash-mud-guards.html?,TRUCKS ACCESSORIES,https://www.canadiantire.ca/en/automotive/truck-accessories.html
TRUCKS_ACC,SEAT COVERS,https://www.canadiantire.ca/en/automotive/truck-accessories/seat-covers.html?,TRUCKS ACCESSORIES,https://www.canadiantire.ca/en/automotive/truck-accessories.html
TRUCKS_ACC,TRUCK LIGHTING,https://www.canadiantire.ca/en/automotive/truck-accessories/truck-fog-driving-lights.html?,TRUCKS ACCESSORIES,https://www.canadiantire.ca/en/automotive/truck-accessories.html
TRUCKS_ACC,RUNNING BOARDS & STEPS,https://www.canadiantire.ca/en/automotive/truck-accessories/runningboards-steps.html?,TRUCKS ACCESSORIES,https://www.canadiantire.ca/en/automotive/truck-accessories.html
TRUCKS_ACC,JEEP ACCESSORIES,https://www.canadiantire.ca/en/automotive/truck-accessories/jeep-accessories.html?,TRUCKS ACCESSORIES,https://www.canadiantire.ca/en/automotive/truck-accessories.html
TRUCKS_ACC,SNOW PLOWS & ACCESSORIES,https://www.canadiantire.ca/en/automotive/truck-accessories/snow-plows-accessories.html?,TRUCKS ACCESSORIES,https://www.canadiantire.ca/en/automotive/truck-accessories.html
Polish Wax,POLISH WAX & DETAILING,https://www.canadiantire.ca/en/automotive/car-cleaning/polish-wax-detailing.html?,CAR CLEANING,https://www.canadiantire.ca/en/automotive/car-cleaning.html
Car Wash,CAR WASH & DRY,https://www.canadiantire.ca/en/automotive/car-cleaning/car-wash-dry.html?,CAR CLEANING,https://www.canadiantire.ca/en/automotive/car-cleaning.html
Degreasers,CLEANERS & DEGREASERS,https://www.canadiantire.ca/en/automotive/car-cleaning/cleaners-degreasers.html?,CAR CLEANING,https://www.canadiantire.ca/en/automotive/car-cleaning.html
Tire Cleaner,"TIRE,WHEEL & RIM CLEANERS",https://www.canadiantire.ca/en/automotive/car-cleaning/tire-wheel-rim-cleaners.html?,CAR CLEANING,https://www.canadiantire.ca/en/automotive/car-cleaning.html
Cleaning Kit,CAR CLEANING KITS,https://www.canadiantire.ca/en/automotive/car-cleaning/car-cleaning-kits.html,CAR CLEANING,https://www.canadiantire.ca/en/automotive/car-cleaning.html
Carpet Cleaner,CARPET & UPHOLSTERY CARE,https://www.canadiantire.ca/en/automotive/car-cleaning/car-carpet-upholstery-care.html,CAR CLEANING,https://www.canadiantire.ca/en/automotive/car-cleaning.html
Scratch Removal,SCRATCH REMOVAL,https://www.canadiantire.ca/en/automotive/car-cleaning/car-scratch-removal.html,CAR CLEANING,https://www.canadiantire.ca/en/automotive/car-cleaning.html
Headlight Restore,HEADLIGHT RESTORATION,https://www.canadiantire.ca/en/automotive/car-cleaning/car-headlight-restoration.html,CAR CLEANING,https://www.canadiantire.ca/en/automotive/car-cleaning.html
Bugs Remover,BUG & TAR REMOVERS,https://www.canadiantire.ca/en/automotive/car-cleaning/car-bug-tar-removers.html,CAR CLEANING,https://www.canadiantire.ca/en/automotive/car-cleaning.html
Leather care,LEATHER CARE,https://www.canadiantire.ca/en/automotive/car-cleaning/car-leather-care.html,CAR CLEANING,https://www.canadiantire.ca/en/automotive/car-cleaning.html
Car Vacuums,CAR VACUUMS,https://www.canadiantire.ca/en/automotive/car-cleaning/car-vacuums.html,CAR CLEANING,https://www.canadiantire.ca/en/automotive/car-cleaning.html
Trailer Parts,"TRAILER PARTS, TIRES & WHEELS",https://www.canadiantire.ca/en/automotive/trailers-towing-accessories/trailer-tires-wheels-tubes.html?,TRAILERS & TOWING ACCESSORIES,https://www.canadiantire.ca/en/automotive/trailers-towing-accessories.html
Hitches,HITCH BALLS & MOUNTS,https://www.canadiantire.ca/en/automotive/trailers-towing-accessories/hitch-balls-mounts.html?,TRAILERS & TOWING ACCESSORIES,https://www.canadiantire.ca/en/automotive/trailers-towing-accessories.html
Utility Trailers,ATV/UTV & UTILITY TRAILERS,https://www.canadiantire.ca/en/automotive/trailers-towing-accessories/trailers.html?,TRAILERS & TOWING ACCESSORIES,https://www.canadiantire.ca/en/automotive/trailers-towing-accessories.html
Wiring Adapter,"TRAILER WIRES, CONNECTORS & ADAPTERS",https://www.canadiantire.ca/en/automotive/trailers-towing-accessories/trailer-wires-connectors-adapters.html?,TRAILERS & TOWING ACCESSORIES,https://www.canadiantire.ca/en/automotive/trailers-towing-accessories.html
Trailer Locks,TOWING SECURITY & TRAILER LOCKS,https://www.canadiantire.ca/en/automotive/trailers-towing-accessories/towing-security.html?,TRAILERS & TOWING ACCESSORIES,https://www.canadiantire.ca/en/automotive/trailers-towing-accessories.html
Trailer Lights,TRAILER LIGHTS & REFLECTORS,https://www.canadiantire.ca/en/automotive/trailers-towing-accessories/trailer-lights-reflectors.html?,TRAILERS & TOWING ACCESSORIES,https://www.canadiantire.ca/en/automotive/trailers-towing-accessories.html
Trailer Jacks,"TRAILER WINCHES, JACKS & COUPLERS",https://www.canadiantire.ca/en/automotive/trailers-towing-accessories/trailer-winches-jacks-couplers.html?,TRAILERS & TOWING ACCESSORIES,https://www.canadiantire.ca/en/automotive/trailers-towing-accessories.html
Towing Accessories,TOWING ACCESSORIES,https://www.canadiantire.ca/en/automotive/trailers-towing-accessories/towing-accessories.html?,TRAILERS & TOWING ACCESSORIES,https://www.canadiantire.ca/en/automotive/trailers-towing-accessories.html
Towing Mirror,TOWING MIRRORS,https://www.canadiantire.ca/en/automotive/trailers-towing-accessories/towing-mirrors.html?,TRAILERS & TOWING ACCESSORIES,https://www.canadiantire.ca/en/automotive/trailers-towing-accessories.html
Battery Booster pack,"BATTERY CHARGERS, BOOSTER PACKS AND POWER INVERTERS",https://www.canadiantire.ca/en/automotive/batteries-maintenance-accessories/battery-chargers-booster-packs-power-inverters.html?,"BATTERIES, MAINTENANCE & ACCESSORIES",https://www.canadiantire.ca/en/automotive/batteries-maintenance-accessories.html
Marine battery,MARINE BATTERIES,https://www.canadiantire.ca/en/automotive/batteries-maintenance-accessories/marine-batteries.html,"BATTERIES, MAINTENANCE & ACCESSORIES",https://www.canadiantire.ca/en/automotive/batteries-maintenance-accessories.html
RV battery,RV BATTERIES,https://www.canadiantire.ca/en/automotive/batteries-maintenance-accessories/rv-batteries.html,"BATTERIES, MAINTENANCE & ACCESSORIES",https://www.canadiantire.ca/en/automotive/batteries-maintenance-accessories.html
Deep cycle battery,SOLAR & DEEP CYCLE BATTERIES,https://www.canadiantire.ca/en/automotive/batteries-maintenance-accessories/solar-deep-cycle-batteries.html,"BATTERIES, MAINTENANCE & ACCESSORIES",https://www.canadiantire.ca/en/automotive/batteries-maintenance-accessories.html
Car battery,CAR & TRUCK BATTERIES,https://www.canadiantire.ca/en/automotive/batteries-maintenance-accessories/car-truck-batteries.html?,"BATTERIES, MAINTENANCE & ACCESSORIES",https://www.canadiantire.ca/en/automotive/batteries-maintenance-accessories.html
Garden battery,LAWN & GARDEN BATTERIES,https://www.canadiantire.ca/en/automotive/batteries-maintenance-accessories/lawn-garden-batteries.html,"BATTERIES, MAINTENANCE & ACCESSORIES",https://www.canadiantire.ca/en/automotive/batteries-maintenance-accessories.html
Sports Battery,POWER SPORTS BATTERIES,https://www.canadiantire.ca/en/automotive/batteries-maintenance-accessories/power-sports-batteries.html?,"BATTERIES, MAINTENANCE & ACCESSORIES",https://www.canadiantire.ca/en/automotive/batteries-maintenance-accessories.html
SLA battery,SEALED LEAD ACID (SLA) BATTERIES,https://www.canadiantire.ca/en/automotive/batteries-maintenance-accessories/sla-batteries.html,"BATTERIES, MAINTENANCE & ACCESSORIES",https://www.canadiantire.ca/en/automotive/batteries-maintenance-accessories.html
Golf cart battery,GOLF CART BATTERIES,https://www.canadiantire.ca/en/automotive/batteries-maintenance-accessories/golf-cart-batteries.html,"BATTERIES, MAINTENANCE & ACCESSORIES",https://www.canadiantire.ca/en/automotive/batteries-maintenance-accessories.html
Booster Cable,BOOSTER CABLES,https://www.canadiantire.ca/en/automotive/batteries-maintenance-accessories/booster-cables.html,"BATTERIES, MAINTENANCE & ACCESSORIES",https://www.canadiantire.ca/en/automotive/batteries-maintenance-accessories.html
Commercial Battery,HEAVY-DUTY COMMERCIAL BATTERIES,https://www.canadiantire.ca/en/automotive/batteries-maintenance-accessories/heavy-duty-commercial-batteries.html,"BATTERIES, MAINTENANCE & ACCESSORIES",https://www.canadiantire.ca/en/automotive/batteries-maintenance-accessories.html
Wheelchair battery,WHEELCHAIR & MOBILITY BATTERIES,https://www.canadiantire.ca/en/automotive/batteries-maintenance-accessories/wheelchair-mobility-batteries.html,"BATTERIES, MAINTENANCE & ACCESSORIES",https://www.canadiantire.ca/en/automotive/batteries-maintenance-accessories.html
TIRE,ALL SEASON TIRES,https://www.canadiantire.ca/en/automotive/tires-wheels/tires/all-season-tires.html?adlocation=LIT_AllSeasonTires_TiresSCLP_en;,TIRES & WHEELS,https://www.canadiantire.ca/en/automotive/tires-wheels.html
TIRE,LIGHT TRUCK & SUV TIRES,https://www.canadiantire.ca/en/automotive/tires-wheels/tires/light-truck-suv-tires.html?adlocation=LIT_LightTruckSUVTires_TiresSCLP_en;,TIRES & WHEELS,https://www.canadiantire.ca/en/automotive/tires-wheels.html
TIRE,WINTER TIRES,https://www.canadiantire.ca/en/automotive/tires-wheels/tires/winter-tires.html?adlocation=LIT_WinterTires_TiresSCLP_en;,TIRES & WHEELS,https://www.canadiantire.ca/en/automotive/tires-wheels.html
TIRE,PERFORMANCE TIRES,https://www.canadiantire.ca/en/automotive/tires-wheels/tires/performance-tires.html?adlocation=LIT_PerformanceTires_TiresSCLP_en;,TIRES & WHEELS,https://www.canadiantire.ca/en/automotive/tires-wheels.html
TIRE,ALL TERRAIN TIRES,https://www.canadiantire.ca/en/automotive/tires-wheels/tires/all-terrain-tires.html?adlocation=LIT_AllTerrainTires_TiresSCLP_en;,TIRES & WHEELS,https://www.canadiantire.ca/en/automotive/tires-wheels.html
TIRE,ALL WEATHER TIRES,https://www.canadiantire.ca/en/automotive/tires-wheels/tires/all-weather-tires.html?adlocation=LIT_AllWeatherTires_TiresSCLP_en;,TIRES & WHEELS,https://www.canadiantire.ca/en/automotive/tires-wheels.html
WHEEL,TRUCK WHEELS,https://www.canadiantire.ca/en/automotive/tires-wheels/wheels/truck-wheels.html?adlocation=LIT_TruckWheels_TiresWheelsSCLP_en;,TIRES & WHEELS,https://www.canadiantire.ca/en/automotive/tires-wheels.html
WHEEL,ALLOY WHEELS,https://www.canadiantire.ca/en/automotive/tires-wheels/wheels/alloy-wheels.html?adlocation=LIT_AlloyWheels_TiresSCLP_en;,TIRES & WHEELS,https://www.canadiantire.ca/en/automotive/tires-wheels.html
WHEEL,STEEL WHEELS,https://www.canadiantire.ca/en/automotive/tires-wheels/wheels/steel-wheels.html?adlocation=LIT_SteelWheels_TiresWheelsCLP_en;,TIRES & WHEELS,https://www.canadiantire.ca/en/automotive/tires-wheels.html
WHEEL LUG NUTS,"Wheel lug nuts, spacers and washers",https://www.canadiantire.ca/en/automotive/tires-wheels/tire-wheel-repair/wheel-lug-nuts-spacers-washers.html?,TIRE & WHEEL REPAIR,https://www.canadiantire.ca/en/automotive/tires-wheels/tire-wheel-repair.html?adlocation=LIT_TireWheelRepair_TiresSCLP_en
TIRE WRENCHES,Tire wrenches,https://www.canadiantire.ca/en/automotive/auto-service-tools/tire-wrenches.html?,TIRE & WHEEL REPAIR,https://www.canadiantire.ca/en/automotive/tires-wheels/tire-wheel-repair.html?adlocation=LIT_TireWheelRepair_TiresSCLP_en
TIRE VALVES,Tire valves,https://www.canadiantire.ca/en/automotive/tires-wheels/tire-wheel-repair/tire-valves.html?,TIRE & WHEEL REPAIR,https://www.canadiantire.ca/en/automotive/tires-wheels/tire-wheel-repair.html?adlocation=LIT_TireWheelRepair_TiresSCLP_en
WHEEL HUB RINGS,Whell hub rings,https://www.canadiantire.ca/en/automotive/tires-wheels/tire-wheel-repair/wheel-hub-rings.html?,TIRE & WHEEL REPAIR,https://www.canadiantire.ca/en/automotive/tires-wheels/tire-wheel-repair.html?adlocation=LIT_TireWheelRepair_TiresSCLP_en
TIRE PRESSURE MONITORING SYSTEMS,Tire pressure monitoring systems,https://www.canadiantire.ca/en/automotive/tires-wheels/tire-wheel-repair/tire-pressure-monitoring-systems.html?,TIRE & WHEEL REPAIR,https://www.canadiantire.ca/en/automotive/tires-wheels/tire-wheel-repair.html?adlocation=LIT_TireWheelRepair_TiresSCLP_en
"TIRE, WHEEL & RIM CLEANERS","Tire, wheel and rim cleaners",https://www.canadiantire.ca/en/automotive/car-cleaning/tire-wheel-rim-cleaners.html?adlocation=LIT_Category_Product_TireAndWheelCareCat_en?,TIRE & WHEEL ACCESSORIES,https://www.canadiantire.ca/en/automotive/tires-wheels/tire-wheel-accessories.html?adlocation=LIT_TireWheelsAccessories_TiresSCLP_en
TRACTION AIDS,Traction aids,https://www.canadiantire.ca/en/automotive/tires-wheels/tire-wheel-accessories/traction-aids.html?adlocation=LIT_Category_Product_TractionAidsCat_en?,TIRE & WHEEL ACCESSORIES,https://www.canadiantire.ca/en/automotive/tires-wheels/tire-wheel-accessories.html?adlocation=LIT_TireWheelsAccessories_TiresSCLP_en
SPLASH & MUD FLAPS,Splash & mud flaps,https://www.canadiantire.ca/en/automotive/tires-wheels/tire-wheel-accessories/splash-mud-guards.html?adlocation=LIT_Category_Product_SplashMudGuardsCat_en?,TIRE & WHEEL ACCESSORIES,https://www.canadiantire.ca/en/automotive/tires-wheels/tire-wheel-accessories.html?adlocation=LIT_TireWheelsAccessories_TiresSCLP_en
TIRE INFLATORS & COMPRESSORS,Tire inflators and compressors,https://www.canadiantire.ca/en/automotive/tires-wheels/tire-wheel-accessories/tire-pressure-gauges-inflators-compressors/tire-inflators-compressors.html_no,TIRE & WHEEL ACCESSORIES,https://www.canadiantire.ca/en/automotive/tires-wheels/tire-wheel-accessories.html?adlocation=LIT_TireWheelsAccessories_TiresSCLP_en
TIRE PRESSURE GAUGES,Tire pressure gauges,https://www.canadiantire.ca/en/automotive/tires-wheels/tire-wheel-accessories/tire-pressure-gauges-inflators-compressors/tire-pressure-gauges.html?,TIRE & WHEEL ACCESSORIES,https://www.canadiantire.ca/en/automotive/tires-wheels/tire-wheel-accessories.html?adlocation=LIT_TireWheelsAccessories_TiresSCLP_en
WHEEL COVERS,wheel covers,https://www.canadiantire.ca/en/automotive/tires-wheels/tire-wheel-accessories/wheel-covers.html?adlocation=LIT_Category_Product_WheelCoversCat_en?,TIRE & WHEEL ACCESSORIES,https://www.canadiantire.ca/en/automotive/tires-wheels/tire-wheel-accessories.html?adlocation=LIT_TireWheelsAccessories_TiresSCLP_en
FUSES & CIRCUIT BREAKERS,FUSES & CIRCUIT BREAKERS,https://www.canadiantire.ca/en/automotive/auto-parts/electrical-wiring/fuses-circuit-breakers.html?,ELECTRICAL & WIRING,https://www.canadiantire.ca/en/automotive/auto-parts/electrical-wiring.html
ELECTRICAL WIRES & ACCESSORIES,ELECTRICAL WIRES & ACCESSORIES,https://www.canadiantire.ca/en/automotive/auto-parts/electrical-wiring/electrical-wires-accessories.html?,ELECTRICAL & WIRING,https://www.canadiantire.ca/en/automotive/auto-parts/electrical-wiring.html
ELECTRICAL CONNECTORS,ELECTRICAL CONNECTORS,https://www.canadiantire.ca/en/automotive/auto-parts/electrical-wiring/electrical-connectors.html?,ELECTRICAL & WIRING,https://www.canadiantire.ca/en/automotive/auto-parts/electrical-wiring.html
ELECTRICAL TOOLS & KITS,ELECTRICAL TOOLS & KITS,https://www.canadiantire.ca/en/automotive/auto-service-tools/electrical-tools-kits.html?,ELECTRICAL & WIRING,https://www.canadiantire.ca/en/automotive/auto-parts/electrical-wiring.html
"SENSORS, SWITCHES & RELAYS","SENSORS, SWITCHES & RELAYS",https://www.canadiantire.ca/en/automotive/auto-parts/electrical-wiring/sensors-switches-relays.html?,ELECTRICAL & WIRING,https://www.canadiantire.ca/en/automotive/auto-parts/electrical-wiring.html
HORNS,HORNS,https://www.canadiantire.ca/en/automotive/car-safety-security/horns.html?,ELECTRICAL & WIRING,https://www.canadiantire.ca/en/automotive/auto-parts/electrical-wiring.html
Exhaust,EXHAUST,https://www.canadiantire.ca/en/automotive/auto-parts/performance-parts/performance-mufflers-exhaust-tips.html?,PERFORMANCE PARTS and EXHAUST PIPES,https://www.canadiantire.ca/en/automotive/auto-parts/performance-parts.html
Exhaust,"PERFORMANCE SHOCKS, STRUTS & COMPONENTS",https://www.canadiantire.ca/en/automotive/auto-parts/performance-parts/performance-shocks-struts-components.html?,PERFORMANCE PARTS and EXHAUST PIPES,https://www.canadiantire.ca/en/automotive/auto-parts/performance-parts.html
Exhaust,EXHAUST,https://www.canadiantire.ca/en/automotive/auto-parts/emission-exhaust-systems/exhaust-tips-extensions.html?,PERFORMANCE PARTS and EXHAUST PIPES,https://www.canadiantire.ca/en/automotive/auto-parts/performance-parts.html
Muffler,MUFFLER,https://www.canadiantire.ca/en/automotive/auto-parts/performance-parts/performance-mufflers-resonators.html?,PERFORMANCE PARTS and EXHAUST PIPES,https://www.canadiantire.ca/en/automotive/auto-parts/performance-parts.html
Muffler,MUFFLER,https://www.canadiantire.ca/en/automotive/auto-parts/emission-exhaust-systems/mufflers.html?,PERFORMANCE PARTS and EXHAUST PIPES,https://www.canadiantire.ca/en/automotive/auto-parts/performance-parts.html
Catalytic converter,CATALYTIC CONVERTERS,https://www.canadiantire.ca/en/automotive/auto-parts/emission-exhaust-systems/catalytic-converters.html?,PERFORMANCE PARTS and EXHAUST PIPES,https://www.canadiantire.ca/en/automotive/auto-parts/performance-parts.html
EXHAUST PIPES & CLAMPS,EXHAUST PIPES & CLAMPS,https://www.canadiantire.ca/en/automotive/auto-parts/emission-exhaust-systems/exhaust-pipes-clamps.html?,PERFORMANCE PARTS and EXHAUST PIPES,https://www.canadiantire.ca/en/automotive/auto-parts/performance-parts.html
EXHAUST SYSTEMS,EXHAUST SYSTEMS,https://www.canadiantire.ca/en/automotive/auto-parts/emission-exhaust-systems/exhaust-systems.html?,PERFORMANCE PARTS and EXHAUST PIPES,https://www.canadiantire.ca/en/automotive/auto-parts/performance-parts.html
Wiper blade,WIPER BLADES,https://www.canadiantire.ca/en/automotive/auto-parts/wiper-blades-parts-accessories/wiper-blades.html?,WIPER BLADES & PARTS,https://www.canadiantire.ca/en/automotive/auto-parts/engine-parts.html
WIPER SYSTEM PARTS,WIPER SYSTEM PARTS,https://www.canadiantire.ca/en/automotive/auto-parts/wiper-blades-parts-accessories/wiper-system-parts.html?,WIPER BLADES & PARTS,https://www.canadiantire.ca/en/automotive/auto-parts/engine-parts.html
Spark plugs,SPARK PLUGS,https://www.canadiantire.ca/en/automotive/auto-parts/engine-parts/spark-plugs.html?,ENGINE PARTS,https://www.canadiantire.ca/en/automotive/auto-parts/engine-parts.html
Code reader,CODE READERS,https://www.canadiantire.ca/en/automotive/auto-service-tools/code-readers-diagnostic-test-tools.html?,ENGINE PARTS,https://www.canadiantire.ca/en/automotive/auto-parts/engine-parts.html
Engine gaskets,ENGINE GASKETS,https://www.canadiantire.ca/en/automotive/auto-parts/engine-parts/engine-gaskets.html?,ENGINE PARTS,https://www.canadiantire.ca/en/automotive/auto-parts/engine-parts.html
Tachometer/Oil pressure gauges,GAUGES & FITTINGS,https://www.canadiantire.ca/en/automotive/auto-parts/engine-parts/gauges-fittings.html?,ENGINE PARTS,https://www.canadiantire.ca/en/automotive/auto-parts/engine-parts.html
Tachometer/Oil pressure gauges,GAUGES & FITTINGS,https://www.canadiantire.ca/en/automotive/auto-parts/performance-parts/performance-gauges.html?,ENGINE PARTS,https://www.canadiantire.ca/en/automotive/auto-parts/engine-parts.html
"SENSORS, SWITCHES & RELAYS","SENSORS, SWITCHES & RELAYS",https://www.canadiantire.ca/en/automotive/auto-parts/engine-parts/sensors-switches-relays.html?,ENGINE PARTS,https://www.canadiantire.ca/en/automotive/auto-parts/engine-parts.html
OIL DELIVERY PARTS,OIL DELIVERY PARTS,https://www.canadiantire.ca/en/automotive/auto-parts/oil-delivery-parts.html?,ENGINE PARTS,https://www.canadiantire.ca/en/automotive/auto-parts/engine-parts.html
"DRIVE BELTS, TENSIONERS & HARMONIC BALANCERS","DRIVE BELTS, TENSIONERS & HARMONIC BALANCERS",https://www.canadiantire.ca/en/automotive/auto-parts/engine-parts/drive-belts-tensioners-harmonic-balancers.html?,ENGINE PARTS,https://www.canadiantire.ca/en/automotive/auto-parts/engine-parts.html
ENGINE & TRANSMISSION,ENGINE & TRANSMISSION,https://www.canadiantire.ca/en/automotive/atvs-motorcycles-snowmobiles-parts-accessories/snowmobile-parts-accessories/parts/engine-transmission.html?,ENGINE PARTS,https://www.canadiantire.ca/en/automotive/auto-parts/engine-parts.html
IGNITION WIRES & SETS,IGNITION WIRES & SETS,https://www.canadiantire.ca/en/automotive/auto-parts/ignition-system/ignition-wires-sets.html?,ENGINE PARTS,https://www.canadiantire.ca/en/automotive/auto-parts/engine-parts.html
TIMING BELTS & KITS & COMPONENTS,TIMING BELTS & KITS & COMPONENTS,https://www.canadiantire.ca/en/automotive/auto-parts/engine-parts/timing-belts-kits-components.html?,ENGINE PARTS,https://www.canadiantire.ca/en/automotive/auto-parts/engine-parts.html
INTAKE MANIFOLDS,INTAKE MANIFOLDS,https://www.canadiantire.ca/en/automotive/auto-parts/engine-parts/intake-manifolds.html?,ENGINE PARTS,https://www.canadiantire.ca/en/automotive/auto-parts/engine-parts.html
TIMING BELTS & KITS,TIMING BELTS & KITS,https://www.canadiantire.ca/en/automotive/auto-parts/engine-parts/timing-belts-kits.html?,ENGINE PARTS,https://www.canadiantire.ca/en/automotive/auto-parts/engine-parts.html
Brake pads,BRAKE PADS,https://www.canadiantire.ca/en/automotive/auto-parts/brake-system/brake-pads.html?,BRAKES,https://www.canadiantire.ca/en/automotive/auto-parts/brake-system.html
Brake rotors,BRAKE ROTORS,https://www.canadiantire.ca/en/automotive/auto-parts/brake-system/brake-rotors.html?,BRAKES,https://www.canadiantire.ca/en/automotive/auto-parts/brake-system.html
Brake & powers steering fluids & additives,BRAKE & POWER STEERING FLUIDS & ADDITIVES,https://www.canadiantire.ca/en/automotive/oils-fluids-additives-chemicals/brake-power-steering-fluids-additives.html?,BRAKES,https://www.canadiantire.ca/en/automotive/auto-parts/brake-system.html
Wheel bearings & hub assemblies,WHEEL BEARINGS & HUB ASSEMBLIES,https://www.canadiantire.ca/en/automotive/auto-parts/brake-system/wheel-bearings-hub-assemblies.html?,BRAKES,https://www.canadiantire.ca/en/automotive/auto-parts/brake-system.html
BRAKE KITS,BRAKE KITS,https://www.canadiantire.ca/en/automotive/auto-parts/brake-system/brake-kits.html?,BRAKES,https://www.canadiantire.ca/en/automotive/auto-parts/brake-system.html
BRAKE SYSTEM TOOLS,BRAKE SYSTEM TOOLS,https://www.canadiantire.ca/en/automotive/auto-service-tools/brake-system-tools.html?,BRAKES,https://www.canadiantire.ca/en/automotive/auto-parts/brake-system.html
BRAKE CALIPERS & ACCESSORIES,BRAKE CALIPERS & ACCESSORIES,https://www.canadiantire.ca/en/automotive/auto-parts/brake-system/brake-calipers.html?,BRAKES,https://www.canadiantire.ca/en/automotive/auto-parts/brake-system.html
"BRAKE LINES, HOSES & CABLES","BRAKE LINES, HOSES & CABLES",https://www.canadiantire.ca/en/automotive/auto-parts/brake-system/brake-lines-hoses-cables.html?,BRAKES,https://www.canadiantire.ca/en/automotive/auto-parts/brake-system.html
BRAKE SHOES & DRUMS,BRAKE SHOES & DRUMS,https://www.canadiantire.ca/en/automotive/auto-parts/brake-system/brake-shoes-drums.html?,BRAKES,https://www.canadiantire.ca/en/automotive/auto-parts/brake-system.html
BRAKE HARDWARE & SENSORS,BRAKE HARDWARE & SENSORS,https://www.canadiantire.ca/en/automotive/auto-parts/brake-system/brake-hardware-sensors.html?,BRAKES,https://www.canadiantire.ca/en/automotive/auto-parts/brake-system.html
BRAKE WHEEL & MASTER CYLINDERS,BRAKE WHEEL & MASTER CYLINDERS,https://www.canadiantire.ca/en/automotive/auto-parts/brake-system/brake-wheel-master-cylinders.html?,BRAKES,https://www.canadiantire.ca/en/automotive/auto-parts/brake-system.html
Mini bulbs,MINI BULBS,https://www.canadiantire.ca/en/automotive/auto-parts/lights-bulbs/mini-bulbs.html?,LIGHTS & BULBS,https://www.canadiantire.ca/en/automotive/auto-parts/lights-bulbs.html
Trailer lights & reflectors,TRAILER LIGHTS & REFLECTORS,https://www.canadiantire.ca/en/automotive/auto-parts/lights-bulbs/trailer-lights-reflectors.html?,LIGHTS & BULBS,https://www.canadiantire.ca/en/automotive/auto-parts/lights-bulbs.html
Halogen bulbs,HALOGEN BULBS,https://www.canadiantire.ca/en/automotive/auto-parts/lights-bulbs/halogen-bulbs.html?,LIGHTS & BULBS,https://www.canadiantire.ca/en/automotive/auto-parts/lights-bulbs.html
Led lights & bulbs,LED LIGHTS & BULBS,https://www.canadiantire.ca/en/automotive/auto-parts/lights-bulbs/led-lights-bulbs.html?,LIGHTS & BULBS,https://www.canadiantire.ca/en/automotive/auto-parts/lights-bulbs.html
Fog & driving lights,FOG & DRIVING LIGHTS,https://www.canadiantire.ca/en/automotive/auto-parts/lights-bulbs/fog-driving-lights.html?,LIGHTS & BULBS,https://www.canadiantire.ca/en/automotive/auto-parts/lights-bulbs.html
RV LIGHTING,RV LIGHTING,https://www.canadiantire.ca/en/automotive/auto-parts/lights-bulbs/rv-lighting.html?,LIGHTS & BULBS,https://www.canadiantire.ca/en/automotive/auto-parts/lights-bulbs.html
HID BULBS,HID BULBS,https://www.canadiantire.ca/en/automotive/auto-parts/lights-bulbs/hid-bulbs.html?,LIGHTS & BULBS,https://www.canadiantire.ca/en/automotive/auto-parts/lights-bulbs.html
SEALED BEAMS,SEALED BEAMS,https://www.canadiantire.ca/en/automotive/auto-parts/lights-bulbs/sealed-beams.html?,LIGHTS & BULBS,https://www.canadiantire.ca/en/automotive/auto-parts/lights-bulbs.html
HEADLIGHT ASSEMBLIES & PARTS,HEADLIGHT ASSEMBLIES & PARTS,https://www.canadiantire.ca/en/automotive/auto-parts/lights-bulbs/headlight-assemblies.html?,LIGHTS & BULBS,https://www.canadiantire.ca/en/automotive/auto-parts/lights-bulbs.html
Oil filters,OIL FILTERS,https://www.canadiantire.ca/en/automotive/auto-parts/filters-pcv-valves/oil-filters.html?,FILTERS & PCV VALVES,https://www.canadiantire.ca/en/automotive/auto-parts/filters-pcv-valves.html
Engine air filters,ENGINE AIR FILTERS,https://www.canadiantire.ca/en/automotive/auto-parts/filters-pcv-valves/engine-air-filters.html?,FILTERS & PCV VALVES,https://www.canadiantire.ca/en/automotive/auto-parts/filters-pcv-valves.html
Engine air filters,ENGINE AIR FILTERS,https://www.canadiantire.ca/en/automotive/auto-parts/performance-parts/performance-air-filters.html?,FILTERS & PCV VALVES,https://www.canadiantire.ca/en/automotive/auto-parts/filters-pcv-valves.html
Cabin air filters,CABIN AIR FILTERS,https://www.canadiantire.ca/en/automotive/auto-parts/filters-pcv-valves/cabin-air-filters.html?,FILTERS & PCV VALVES,https://www.canadiantire.ca/en/automotive/auto-parts/filters-pcv-valves.html
PCV VALVES & PARTS,PCV VALVES & PARTS,https://www.canadiantire.ca/en/automotive/auto-parts/filters-pcv-valves/pcv-valves.html?,FILTERS & PCV VALVES,https://www.canadiantire.ca/en/automotive/auto-parts/filters-pcv-valves.html
CUSTOM LIGHTING PARTS,CUSTOM LIGHTING PARTS,https://www.canadiantire.ca/en/automotive/auto-parts/custom-lighting.html?,CUSTOM LIGHTING PARTS,https://www.canadiantire.ca/en/automotive/auto-parts/custom-lighting.html?
FUEL SYSTEM ADDITIVES & CLEANERS,FUEL SYSTEM ADDITIVES & CLEANERS,https://www.canadiantire.ca/en/automotive/oils-fluids-additives-chemicals/fuel-system-additives-cleaners.html?,FUEL DELIVERY,https://www.canadiantire.ca/en/automotive/auto-parts/fuel-delivery.html
FUEL SYSTEM TOOLS,FUEL SYSTEM TOOLS,https://www.canadiantire.ca/en/automotive/auto-service-tools/fuel-system-tools.html?,FUEL DELIVERY,https://www.canadiantire.ca/en/automotive/auto-parts/fuel-delivery.html
FUEL TANKS & PARTS,FUEL TANKS & PARTS,https://www.canadiantire.ca/en/automotive/auto-parts/fuel-delivery/fuel-tanks-parts.html?,FUEL DELIVERY,https://www.canadiantire.ca/en/automotive/auto-parts/fuel-delivery.html
"SENSORS, SWITCHES & RELAYS","SENSORS, SWITCHES & RELAYS",https://www.canadiantire.ca/en/automotive/auto-parts/fuel-delivery/sensors-switches-relays.html?,FUEL DELIVERY,https://www.canadiantire.ca/en/automotive/auto-parts/fuel-delivery.html
FUEL INJECTION SYSTEM PARTS,FUEL INJECTION SYSTEM PARTS,https://www.canadiantire.ca/en/automotive/auto-parts/fuel-delivery/fuel-injectors-parts.html?,FUEL DELIVERY,https://www.canadiantire.ca/en/automotive/auto-parts/fuel-delivery.html
GASKETS,GASKETS,https://www.canadiantire.ca/en/automotive/auto-parts/fuel-delivery/gaskets.html?,FUEL DELIVERY,https://www.canadiantire.ca/en/automotive/auto-parts/fuel-delivery.html
FUEL PUMPS & PARTS,FUEL PUMPS & PARTS,https://www.canadiantire.ca/en/automotive/auto-parts/fuel-delivery/fuel-pumps-parts.html?,FUEL DELIVERY,https://www.canadiantire.ca/en/automotive/auto-parts/fuel-delivery.html
SPARK PLUGS_IGNITION SYSTEMS,SPARK PLUGS_IGNITION SYSTEMS,https://www.canadiantire.ca/en/automotive/auto-parts/ignition-system/spark-plugs.html?,IGNITION SYSTEM,https://www.canadiantire.ca/en/automotive/auto-parts/ignition-system.html
"SENSORS, SWITCHES & RELAYS","SENSORS, SWITCHES & RELAYS",https://www.canadiantire.ca/en/automotive/auto-parts/ignition-system/sensors-switches-relays.html?,IGNITION SYSTEM,https://www.canadiantire.ca/en/automotive/auto-parts/ignition-system.html
"IGNITION COILS, RESISTORS & CONTROL MODULES","IGNITION COILS, RESISTORS & CONTROL MODULES",https://www.canadiantire.ca/en/automotive/auto-parts/ignition-system/ignition-coils-resistors-control-modules.html?,IGNITION SYSTEM,https://www.canadiantire.ca/en/automotive/auto-parts/ignition-system.html
IGNITION WIRES & SETS,IGNITION WIRES & SETS,https://www.canadiantire.ca/en/automotive/auto-parts/ignition-system/ignition-wires-sets.html?,IGNITION SYSTEM,https://www.canadiantire.ca/en/automotive/auto-parts/ignition-system.html
"DISTRIBUTORS, CAPS, ROTORS & PARTS","DISTRIBUTORS, CAPS, ROTORS & PARTS",https://www.canadiantire.ca/en/automotive/auto-parts/ignition-system/distributors-caps-rotors.html?,IGNITION SYSTEM,https://www.canadiantire.ca/en/automotive/auto-parts/ignition-system.html
GLOW PLUGS & COMPONENTS,GLOW PLUGS & COMPONENTS,https://www.canadiantire.ca/en/automotive/auto-parts/ignition-system/glow-plugs.html?,IGNITION SYSTEM,https://www.canadiantire.ca/en/automotive/auto-parts/ignition-system.html
SHOCKS & STRUTS,SHOCKS & STRUTS,https://www.canadiantire.ca/en/automotive/auto-parts/suspension-parts/shocks-struts.html?,SUSPENSION PARTS,https://www.canadiantire.ca/en/automotive/auto-parts/suspension-parts.html
CONTROL ARMS & BALL JOINTS,CONTROL ARMS & BALL JOINTS,https://www.canadiantire.ca/en/automotive/auto-parts/suspension-parts/control-arms-ball-joints.html?,SUSPENSION PARTS,https://www.canadiantire.ca/en/automotive/auto-parts/suspension-parts.html
SHOCK & STRUT COIL SPRINGS & PARTS,SHOCK & STRUT COIL SPRINGS & PARTS,https://www.canadiantire.ca/en/automotive/auto-parts/suspension-parts/shock-strut-coil-springs-parts.html?,SUSPENSION PARTS,https://www.canadiantire.ca/en/automotive/auto-parts/suspension-parts.html
STABILIZER LINKS & KITS,STABILIZER LINKS & KITS,https://www.canadiantire.ca/en/automotive/auto-parts/suspension-parts/stabilizer-links-kits.html?,SUSPENSION PARTS,https://www.canadiantire.ca/en/automotive/auto-parts/suspension-parts.html
AIR SUSPENSION SYSTEMS,AIR SUSPENSION SYSTEMS,https://www.canadiantire.ca/en/automotive/auto-parts/suspension-parts/air-suspension-systems.html?,SUSPENSION PARTS,https://www.canadiantire.ca/en/automotive/auto-parts/suspension-parts.html
BUSHINGS & BUMPERS,BUSHINGS & BUMPERS,https://www.canadiantire.ca/en/automotive/auto-parts/suspension-parts/bushings-bumpers.html?,SUSPENSION PARTS,https://www.canadiantire.ca/en/automotive/auto-parts/suspension-parts.html
Tool storage,TOOL STORAGE & SHOP ORGANIZATION,https://www.canadiantire.ca/en/automotive/garage-tools-equipment-storage/tool-storage-shop-organization.html?,GARAGE & AUTO SHOP EQUIPMENT,https://www.canadiantire.ca/en/automotive/garage-tools-equipment-storage.html
Jacks,JACKS,https://www.canadiantire.ca/en/automotive/garage-tools-equipment-storage/jacks.html?,GARAGE & AUTO SHOP EQUIPMENT,https://www.canadiantire.ca/en/automotive/garage-tools-equipment-storage.html
Press and lifting Equipment,SHOP PRESSES & LIFTING EQUIPMENT,https://www.canadiantire.ca/en/automotive/garage-tools-equipment-storage/shop-presses-lifting-equipment.html?,GARAGE & AUTO SHOP EQUIPMENT,https://www.canadiantire.ca/en/automotive/garage-tools-equipment-storage.html
Creeper Carts,"CREEPERS, CARTS & STOOLS",https://www.canadiantire.ca/en/automotive/garage-tools-equipment-storage/creepers-carts-stools.html?,GARAGE & AUTO SHOP EQUIPMENT,https://www.canadiantire.ca/en/automotive/garage-tools-equipment-storage.html
Gas can accessories,GAS CANS & ACCESSORIES,https://www.canadiantire.ca/en/automotive/garage-tools-equipment-storage/gas-cans-accessories.html?,GARAGE & AUTO SHOP EQUIPMENT,https://www.canadiantire.ca/en/automotive/garage-tools-equipment-storage.html
Fluid pumps,FLUID TRANSFER PUMPS & EXTRACTORS,https://www.canadiantire.ca/en/automotive/garage-tools-equipment-storage/fluid-transfer-pumps-extractors.html?,GARAGE & AUTO SHOP EQUIPMENT,https://www.canadiantire.ca/en/automotive/garage-tools-equipment-storage.html
Cargo parts,"ROOF RACKS, CARRIERS, & CARGO MANAGEMENT",https://www.canadiantire.ca/en/automotive/exterior-car-accessories/travel-cargo-management.html?,EXTERIOR CAR ACCESSORIES,https://www.canadiantire.ca/en/automotive/exterior-car-accessories.html
License plate accessories,LICENSE PLATE FRAMES & ACCESSORIES,https://www.canadiantire.ca/en/automotive/exterior-car-accessories/license-plate-frames-fasteners.html?,EXTERIOR CAR ACCESSORIES,https://www.canadiantire.ca/en/automotive/exterior-car-accessories.html
Electric Winches,ELECTRIC WINCHES & ACCESSORIES,https://www.canadiantire.ca/en/automotive/exterior-car-accessories/electric-winches-accessories.html?,EXTERIOR CAR ACCESSORIES,https://www.canadiantire.ca/en/automotive/exterior-car-accessories.html
Car covers,CAR COVERS & VENT VISORS,https://www.canadiantire.ca/en/automotive/exterior-car-accessories/exterior-car-protectors-covers.html?,EXTERIOR CAR ACCESSORIES,https://www.canadiantire.ca/en/automotive/exterior-car-accessories.html
Decals,DECALS & STICKERS,https://www.canadiantire.ca/en/automotive/exterior-car-accessories/decals-graphics.html?,EXTERIOR CAR ACCESSORIES,https://www.canadiantire.ca/en/automotive/exterior-car-accessories.html
Exterior Accessories ,EXTERIOR DRESS-UP ACCESSORIES,https://www.canadiantire.ca/en/automotive/exterior-car-accessories/exterior-dress-up-accessories.html?,EXTERIOR CAR ACCESSORIES,https://www.canadiantire.ca/en/automotive/exterior-car-accessories.html
Mirrors,MIRRORS,https://www.canadiantire.ca/en/automotive/exterior-car-accessories/mirrors.html?,EXTERIOR CAR ACCESSORIES,https://www.canadiantire.ca/en/automotive/exterior-car-accessories.html
Lift Support,LIFT SUPPORTS,https://www.canadiantire.ca/en/automotive/exterior-car-accessories/lift-supports.html?,EXTERIOR CAR ACCESSORIES,https://www.canadiantire.ca/en/automotive/exterior-car-accessories.html
Door Handles,DOOR HANDLES & DOOR PARTS,https://www.canadiantire.ca/en/automotive/exterior-car-accessories/door-handles-door-parts.html?,EXTERIOR CAR ACCESSORIES,https://www.canadiantire.ca/en/automotive/exterior-car-accessories.html
heater extn cords,BLOCK HEATER EXTENSION CORDS,https://www.canadiantire.ca/en/automotive/car-safety-security/block-heater-extension-cords.html?,EXTERIOR CAR ACCESSORIES,https://www.canadiantire.ca/en/automotive/exterior-car-accessories.html
Polish accessories,BUFFER POLISHERS & ACCESSORIES,https://www.canadiantire.ca/en/automotive/auto-service-tools/buffer-polishers-accessories.html?,AUTO SERVICE TOOLS,https://www.canadiantire.ca/en/automotive/auto-service-tools.html
Oil change tools,OIL CHANGE TOOLS & ACCESSORIES,https://www.canadiantire.ca/en/automotive/auto-service-tools/oil-change-tools-accessories.html?,AUTO SERVICE TOOLS,https://www.canadiantire.ca/en/automotive/auto-service-tools.html
General Tools,GENERAL SERVICE TOOLS,https://www.canadiantire.ca/en/automotive/auto-service-tools/general-service-tools.html?,AUTO SERVICE TOOLS,https://www.canadiantire.ca/en/automotive/auto-service-tools.html
Brake tools,BRAKE SYSTEM TOOLS,https://www.canadiantire.ca/en/automotive/auto-service-tools/tire-wrenches.html?,AUTO SERVICE TOOLS,https://www.canadiantire.ca/en/automotive/auto-service-tools.html
Transmission Tools,DRIVETRAIN & TRANSMISSION TOOLS,https://www.canadiantire.ca/en/automotive/auto-service-tools/brake-system-tools.html?,AUTO SERVICE TOOLS,https://www.canadiantire.ca/en/automotive/auto-service-tools.html
car covers,CAR COVERS & VENT VISORS,https://www.canadiantire.ca/en/automotive/auto-service-tools/drivetrain-transmission-tools.html?,AUTO SERVICE TOOLS,https://www.canadiantire.ca/en/automotive/auto-service-tools.html
Diagnostic tools,"CODE READERS, DIAGNOSTIC & TEST TOOLS",https://www.canadiantire.ca/en/automotive/auto-service-tools/code-readers-diagnostic-test-tools.html?,AUTO SERVICE TOOLS,https://www.canadiantire.ca/en/automotive/auto-service-tools.html
Lubrication Tools,GREASE & LUBRICATION TOOLS,https://www.canadiantire.ca/en/automotive/auto-service-tools/grease-lubrication-tools.html?,AUTO SERVICE TOOLS,https://www.canadiantire.ca/en/automotive/auto-service-tools.html
Auto Body Repair tools,AUTO BODY REPAIR TOOLS,https://www.canadiantire.ca/en/automotive/auto-service-tools/auto-body-repair-tools.html?,AUTO SERVICE TOOLS,https://www.canadiantire.ca/en/automotive/auto-service-tools.html
Alignment tools,"STEERING, SUSPENSION & ALIGNMENT TOOLS",https://www.canadiantire.ca/en/automotive/auto-service-tools/steering-suspension-alignment-tools.html?,AUTO SERVICE TOOLS,https://www.canadiantire.ca/en/automotive/auto-service-tools.html
Inspection Cameras,INSPECTION CAMERAS,https://www.canadiantire.ca/en/automotive/auto-service-tools/car-inspection-cameras.html?,AUTO SERVICE TOOLS,https://www.canadiantire.ca/en/automotive/auto-service-tools.html
Fuel system tools,FUEL SYSTEM TOOLS,https://www.canadiantire.ca/en/automotive/auto-service-tools/fuel-system-tools.html?,AUTO SERVICE TOOLS,https://www.canadiantire.ca/en/automotive/auto-service-tools.html
Engine oil,ENGINE OILS & ADDITIVES,https://www.canadiantire.ca/en/automotive/oils-fluids-additives-chemicals/engine-oils-additives.html?,"OILS, FLUIDS, ADDITIVES & CHEMICALS",https://www.canadiantire.ca/en/automotive/oils-fluids-additives-chemicals.html
lubricants,"GREASE, GEAR OILS & LUBRICANTS",https://www.canadiantire.ca/en/automotive/oils-fluids-additives-chemicals/grease-gear-oils-lubricants.html?,"OILS, FLUIDS, ADDITIVES & CHEMICALS",https://www.canadiantire.ca/en/automotive/oils-fluids-additives-chemicals.html
Refrigerant Additive,REFRIGERANTS & A/C ADDITIVES,https://www.canadiantire.ca/en/automotive/oils-fluids-additives-chemicals/refrigerants-ac-additives.html?,"OILS, FLUIDS, ADDITIVES & CHEMICALS",https://www.canadiantire.ca/en/automotive/oils-fluids-additives-chemicals.html
Fuel system cleaner,FUEL SYSTEM ADDITIVES & CLEANERS,https://www.canadiantire.ca/en/automotive/oils-fluids-additives-chemicals/fuel-system-additives-cleaners.html?,"OILS, FLUIDS, ADDITIVES & CHEMICALS",https://www.canadiantire.ca/en/automotive/oils-fluids-additives-chemicals.html
Coolant,ANTIFREEZE & COOLANT SYSTEM ADDITIVES & CHEMICALS,https://www.canadiantire.ca/en/automotive/oils-fluids-additives-chemicals/antifreeze-coolant-system-addives-chemicals.html?,"OILS, FLUIDS, ADDITIVES & CHEMICALS",https://www.canadiantire.ca/en/automotive/oils-fluids-additives-chemicals.html
Diesel Additive,"DIESEL OIL, DEF & FUEL ADDITIVES",https://www.canadiantire.ca/en/automotive/oils-fluids-additives-chemicals/diesel-oil-def-fuel-additives.html?,"OILS, FLUIDS, ADDITIVES & CHEMICALS",https://www.canadiantire.ca/en/automotive/oils-fluids-additives-chemicals.html
Transmission Fluid,TRANSMISSION FLUIDS & ADDITIVES,https://www.canadiantire.ca/en/automotive/oils-fluids-additives-chemicals/transmission-fluids-additives.html?,"OILS, FLUIDS, ADDITIVES & CHEMICALS",https://www.canadiantire.ca/en/automotive/oils-fluids-additives-chemicals.html
Washer fluid,WINDSHIELD WASHER FLUIDS,https://www.canadiantire.ca/en/automotive/oils-fluids-additives-chemicals/windshield-washer-fluids-additives.html?,"OILS, FLUIDS, ADDITIVES & CHEMICALS",https://www.canadiantire.ca/en/automotive/oils-fluids-additives-chemicals.html
Brake fluid,BRAKE & POWER STEERING FLUIDS & ADDITIVES,https://www.canadiantire.ca/en/automotive/oils-fluids-additives-chemicals/brake-power-steering-fluids-additives.html?,"OILS, FLUIDS, ADDITIVES & CHEMICALS",https://www.canadiantire.ca/en/automotive/oils-fluids-additives-chemicals.html
Leak Stop,STOP LEAKS,https://www.canadiantire.ca/en/automotive/oils-fluids-additives-chemicals/stop-leaks.html?,"OILS, FLUIDS, ADDITIVES & CHEMICALS",https://www.canadiantire.ca/en/automotive/oils-fluids-additives-chemicals.html
